{"dir":"ltr","lang":"en","name":"Webboard","scope":"/","display":"standalone","start_url":"/","short_name":"Webboard","theme_color":"#FFFFFF","description":"Enhance your work day and solve your cross platform whiteboarding needs with webboard! Draw text, shapes, attach images and more and share those whiteboards with anyone through OneDrive!","orientation":"any","background_color":"#FFFFFF","related_applications":[],"prefer_related_applications":false,"screenshots":[{"src":"assets/screen.png"},{"src":"assets/screen.png"},{"src":"assets/screen.png"}],"features":["Cross Platform","low-latency inking","fast","useful AI"],"icons":[{"src":"/icons/manifest-icon-192.maskable.png","sizes":"192x192","type":"image/png","purpose":"any"},{"src":"/icons/manifest-icon-192.maskable.png","sizes":"192x192","type":"image/png","purpose":"maskable"},{"src":"/icons/manifest-icon-512.maskable.png","sizes":"512x512","type":"image/png","purpose":"any"},{"src":"/icons/manifest-icon-512.maskable.png","sizes":"512x512","type":"image/png","purpose":"maskable"}],"shortcuts":[{"name":"Start Live Session","short_name":"Start Live","description":"Jump direction into starting or joining a live session","url":"/?startLive","icons":[{"src":"https://pwabuilder.com/assets/icons/icon_192.png","sizes":"192x192"}]}]}